ID,Description,setSize,enrichmentScore,NES,pvalue,p.adjust,qvalues,rank,leading_edge,core_enrichment,celltype
cluster9,cluster9,211,0.62021231296277,2.09930415116319,9.07414172726971e-12,1.15241599936325e-09,9.74276269664748e-10,2021,"tags=39%, list=13%, signal=34%",RPL21/RPL13A/RPL3/RPS11/RPL11/RPL27A/PABPC1/RPL4/RPL9/RPS15/ADARB1/RPL13/RPS15A/IGF2BP2/RPL30/RPS8/RPL18A/RPL36/RPS6/RPL18/HNRNPR/RPL7/RPS3A/HNRNPM/RPS25/NPM1/RPL15/RPS7/RPS23/RPL10A/RPL22/RPL37A/RPL23A/RPL6/RPL32/RPL10/RPS5/RPS9/RPS13/RPS3/RC3H1/RPS4X/DDX56/RPLP0/SF3B2/RPL14/RPS18/RPS26/YBX1/RPL28/RPS19/PURA/RPL19/SRSF3/RPS2/RPSA/RPS16/RPL24/MPHOSPH10/PRPF8/ILF3/RC3H2/SYNCRIP/HNRNPU/RPL8/PSPC1/MEPCE/DDX18/RPL5/PRC1/CTCF/RPL12/DDX27/HNRNPA0/FAM229A/FTSJ3/RPS17/RECQL4/RPL35/REXO4/RBMX/NOP56,Gran
cluster53,cluster53,113,0.516694091779854,1.6305784398816,0.000765207776272026,0.0325453072889374,0.0275144744589441,2493,"tags=35%, list=16%, signal=29%",GRM4/CDH18/DPF3/CNOT2/POU2F1/CTBP2/CLVS1/BCL6/CTBP1/VSX1/CWF19L2/MAML1/YEATS4/SMAD1/EPC1/QSER1/KANSL1/FOXJ2/SGF29/CKMT2-AS1/TNRC6A/HMBOX1/PIAS2/ZHX2/TLE3/RELA/LIN52/IRF2BP2/ZNF219/ING3/TFAP4/PHC2/TNRC6B/PIAS1/ZNF638/PATZ1/XPO1/MORC4/MEN1,Gran
cluster96,cluster96,139,0.496908363045859,1.60000696078556,0.000959913057320704,0.0325453072889374,0.0275144744589441,2129,"tags=20%, list=14%, signal=18%",CCDC175/MTCL1/COL27A1/CECR2/CDH7/SMC5/LYST/GACAT2/DLEU2/BEND6/EN2/DEAF1/NR4A2/ARPP21/BRD1/DEGS2/CLK4/RASA2/TRIM11/CKAP2/MSL2/EOMES/BRCC3/XPA/INTS6/ZNF714/GTF2A1/TET1,Gran
cluster84,cluster84,131,-0.561040724246381,-1.60031679869899,0.0012994537321016,0.0325453072889374,0.0275144744589441,2678,"tags=24%, list=17%, signal=20%",CDHR1/RNF121/ZNF117/IQCB1/PEX1/ANKRD19P/ZDHHC4/C1orf159/STON2/TPD52L2/CAMK1D/DUSP7/SLITRK2/SLC29A4/SLC26A11/GOLGA7/ARMC10/PLPP1/MKLN1/HRH1/TAC3/ADCY5/GALNT8/MOG/PTPRN2/FARP1/SLC2A13/PLXNA4/CNDP1/TMEM144/ATRNL1,Gran
cluster75,cluster75,145,-0.550271370588399,-1.59352376100717,0.00138265211969083,0.0325453072889374,0.0275144744589441,2599,"tags=28%, list=17%, signal=24%",CMAHP/SH3BP4/C3/SYNE3/ADAMTS4/ZDHHC17/CRYAB/EMB/BAIAP2/P2RX6/BMP7/SLCO1C1/HCN1/RINT1/EFNB3/CPT1C/ACSS3/EGFL7/LTBP1/LINGO1/SMOC1/COL4A2/PCSK5/MET/LRP2/ATP13A4/ANKRD26/LRP1B/DNER/BCAN/GRIN2A/SORL1/GRIN1/FGFR2/PLEKHA5/PIK3R1/PTPN13/GAB1/ANKRD30BL/RASAL2/CCDC88A,Gran
cluster66,cluster66,206,-0.500181618360353,-1.50597279643714,0.0015375735727057,0.0325453072889374,0.0275144744589441,1852,"tags=21%, list=12%, signal=19%",LYPD6B/ETNPPL/RHBDL3/ERBB3/TRAPPC12/COL9A1/FAM126A/ADHFE1/RABGAP1/CCNYL1/COLQ/DCHS2/SULF2/TESC/IL17D/PTPN11/TOX3/CTNNA1/IGF1/SNTB2/ZBBX/ITGA9/NPTX2/EPHB2/GSG1L/ADAMTS9-AS2/MAG/APP/PARD3/C11orf87/UTRN/ADGRB1/PCP4/FBN1/KCNIP1/RPS6KA2/LHFPL3/DLG2/PLXDC2/NXPH1/CSGALNACT1/NCALD/PPP2R2B/LRRTM4,Gran
cluster83,cluster83,89,-0.595837779747862,-1.61929437064321,0.00208577108226948,0.0350847831645,0.0296613997743804,953,"tags=19%, list=6%, signal=18%",UCN/SLC2A6/OSBPL5/PRMT9/MEST/CHRNA7/TSPAN14/ST3GAL5/SAMD8/KCNN3/BCL2/CTNNA2/EDIL3/PLCB1/CDH13/ASIC2/TENM2,Gran
cluster26,cluster26,100,0.510609919568859,1.58743579031967,0.00242093031809076,0.0350847831645,0.0296613997743804,1281,"tags=18%, list=8%, signal=17%",KCTD8/CAMK2D/DISP2/PDE10A/MAML2/MORN1/EML5/MXD4/IL36B/KIAA0513/JPH3/GKAP1/CELF3/POU2F2/SLC35F3/ARHGEF2/NOL4L/TTC41P,Gran
cluster50,cluster50,166,-0.529780036508197,-1.55759956105921,0.00248632321638189,0.0350847831645,0.0296613997743804,1992,"tags=22%, list=13%, signal=20%",NTAN1/INPP1/DMTN/STAT1/PHF24/LRRK1/MARK1/RAPH1/CAMK1G/ASTN1/EPHA10/EFCAB7/ANKDD1A/TTC21A/PIK3C2B/AKAP6/SYNPO/RAPGEF2/SIK3/HUNK/ENOSF1/VPS41/CNTN2/TMEM241/PPFIA2/NRCAM/GLUL/DAPK1/SYNJ2/OSBPL3/KIAA0930/PDE8B/SLC8A1/PDE4D/FRMD4A/CHN1/KALRN,Gran
cluster66,cluster66,206,0.474898874139821,1.71533537218199,1.57798830267465e-05,0.00200404514439681,0.00179392354409329,601,"tags=11%, list=4%, signal=10%",LHFPL3/COL9A1/NXPH1/SULF2/NTN1/PARD3/NTM/RARRES2/NLGN3/ALDH1A3/KCNIP1/GSG1L/PBX3/LRRTM4/NRXN1/RICTOR/CSGALNACT1/ITGA9/KCNJ16/RHBDL3/NEDD4/EXOC4,OPC
cluster9,cluster9,211,-0.468155932959984,-1.59218255573004,8.76658665743483e-05,0.00556678252747112,0.00498311241580506,3831,"tags=44%, list=25%, signal=33%",RPL10A/MEPCE/HNRNPA0/CEBPZ/POP1/RPS9/PDCD11/SF3B2/RPS8/RC3H2/RBM8A/FZR1/RPS20/DDX54/RPL5/NSA2/RPL4/PSPC1/MYBBP1A/RPS3/PCBP1/RPL23A/GNL2/RPL18A/CAND1/NPM1/PRC1/RPS13/SRSF3/RPL7A/HNRNPDL/REXO4/RPLP0/RPL24/RPS2/RPL6/ZCRB1/RPL7/SRSF4/RPS19/CIT/SNRNP70/HEXIM1/RPL30/RSL1D1/RPL28/RPL36AL/RPL12/G3BP2/STAU1/KNOP1/ADARB1/RPL10/RPL36/STAU2/RPL18/RPLP1/RPL22/RPS17/RPLP2/RPL13A/RPS15A/RPL15/RPS3A/RPSA/NEIL1/RPL8/DDX24/RPL27/PURA/RPS25/RPL31/RPS16/RPS23/RPL21/RPS7/RPL37A/RPS4X/RPL11/RPL27A/RPL9/PABPC1/RPL35/SRSF5/RPS14/RPL32/RPS24/RPL19/RPL14/RPS15/RPS6/RPS18,OPC
cluster8,cluster8,94,0.508966978217891,1.63089355140927,0.00104506719632849,0.0333713573859364,0.0298724127449741,1512,"tags=26%, list=10%, signal=23%",PTPRZ1/HIP1/CASK/CALCRL/RFTN2/NOS1/EPS8/PRTFDC1/CRTAC1/DLL1/GUCY1A2/CACNA1A/RAD51B/GRIK1/TRAF3IP2/TNIK/SPESP1/MYO16/RAMP1/TJP1/SHC4/VSTM4/LDLRAD4/HS6ST3,OPC
cluster21,cluster21,126,0.485119014918462,1.64694618885038,0.0010510663743602,0.0333713573859364,0.0298724127449741,737,"tags=10%, list=5%, signal=9%",SEZ6L/ABHD2/TAOK3/KIF26B/LAMA4/USP24/NKAIN4/C1orf21/GLTP/COL4A3/MAP4K5/NGF,OPC
cluster9,cluster9,211,-0.5232285867643,-1.78449501652864,1.01316276493731e-06,0.000128671671147039,0.000125845480276424,3605,"tags=46%, list=24%, signal=36%",RPS24/RPL18A/ZNF22/NKRF/HEXIM1/KRI1/RBMS2/PRC1/PTBP1/STAU1/CUL3/FBL/DDX24/FAM120A/FTSJ3/RPS3/SRP72/TTC9/ZNF346/GNL3/EBNA1BP2/RPLP0/KRR1/RPS3A/CAPRIN1/RPL24/PRPF8/RBM19/DKC1/RPS17/CTCF/DDX56/G3BP2/UPF1/SRP68/SURF6/HNRNPA0/RPL32/RPS15A/RPLP2/MYBBP1A/RPS9/NOP56/RPL5/RPS19/U2SURP/RPL35/RPS7/RPS8/TRA2A/RPS25/RPL36AL/NCL/RPS2/RPL14/RPL11/RBM39/RPL6/RPS5/HNRNPA2B1/RPL10/RPL30/PABPC1/RPL19/RPS16/RPL22/RPL21/RPL8/SRSF3/RC3H1/RPL13/RPL31/KNOP1/RPS13/RPS11/RPSA/RPL7A/RPLP1/RPL4/NSA2/RPS4X/RPL10A/RPL7/RPS18/RPL9/RPL3/HNRNPDL/RPL13A/CIT/RPS23/RPL27A/RPS6/RPS15/SF3B1/RPL27/RPL37A/RPS14,Purk2
cluster83,cluster83,89,-0.548559576278439,-1.69347120086219,0.000336860377759452,0.0213906339877252,0.0209208024082186,2682,"tags=26%, list=17%, signal=21%",HERPUD2/SLC30A10/AGT/KCNN3/PIANP/ALG14/MICAL3/CHRNA7/SMPD3/PRMT9/FLRT3/OSBPL5/BCL2/LSS/PEX5/JTB/SAMD8/CDH13/ASIC2/EDIL3/CTNNA2/PLCB1/TENM2,Purk2
cluster9,cluster9,211,-0.52623260199864,-1.75521256770252,3.70030869670378e-06,0.00046993920448138,0.000436246920032446,3133,"tags=43%, list=20%, signal=35%",RPS3A/EFTUD2/STAU1/HNRNPM/CCDC137/UPF1/RPL32/HNRNPA3/HNRNPR/RPS15A/SRSF7/DKC1/RC3H2/CAPRIN1/NPM1/RPL22/SRP72/SRP68/TTC9/CAND1/HNRNPA0/DHX9/MYBBP1A/RPS24/SRSF6/CEBPZ/DDX10/RPL10A/RPL36AL/RPS9/HEXIM1/RPS17/RPL12/RPL27/DDX24/NFX1/RPL37A/RPL5/PCBP1/RPL27A/RPL36/NOP56/NKRF/PRKRA/RPS3/SF3B2/RPS20/RPS13/RPL8/RPS2/RPL30/PURA/RPL7/RPS6/RPL31/RPS4X/RPL6/STAU2/RPL14/RPS18/RPS7/RPLP1/RPL10/RPL9/RPS23/PUM3/RPS8/RPSA/RPS5/RPL4/RPS25/G3BP2/RPS15/RPL19/RPL7A/ADARB1/RPLP2/PABPC1/RPL35/RPL21/RPL18/RPS16/RPS14/RPL13A/RPL15/RPL24/RPS19/HNRNPDL/RPL3/RPL13/CIT,Ast
cluster9,cluster9,211,0.431999418688187,1.64496725837125,4.81193302839419e-05,0.00611115494606062,0.00602757926714641,2575,"tags=35%, list=17%, signal=30%",RPS6/RPL18/RPL13A/RPL10/RPS16/RPL13/DHX9/RPL7A/CEBPZ/RPLP1/RPS18/RPS4X/RPL5/LYAR/NSA2/RPS15/RPL4/HNRNPU/RPS2/RPS19/RPS20/HNRNPM/PCBP1/RPL35/LARP7/RPLP2/BRIX1/RPS9/HNRNPR/YBX3/RPS3A/SF3B2/RPL36/RPS13/EIF2AK2/RPS5/RPL37A/RPL28/RPL12/RPS25/PABPC1/RPL11/SRP72/NR2C2/RPS3/RPL26L1/MYBBP1A/TRA2B/RPL6/G3BP2/CAND1/GNL3/RPL30/RPS7/MEPCE/RPL21/ZC3HAV1/RBM39/DDX27/SRSF4/PRKRA/NPM1/RRP8/RPL32/DDX54/POP1/HNRNPA2B1/HP1BP3/HNRNPDL/RPS23/RC3H2/ZNF346/RPS17/FZR1,Per
cluster112,cluster112,146,0.546032754498602,1.93166900933011,4.53685590537803e-07,5.7618069998301e-05,5.1099324407942e-05,3361,"tags=45%, list=22%, signal=35%",PVALB/SLC6A17/PDHA1/COX4I1/NDUFS1/SP9/NDUFV1/NDUFA12/C17orf80/NDUFS2/MRPS35/AUH/MRPL55/MRPL4/MRRF/CS/MRPL2/MRPS25/GFM1/GTPBP10/TMEM70/UFL1/NDUFA6/ERAL1/NDUFV3/OGDH/MRPS22/LANCL1-AS1/GADD45GIP1/NDUFA5/MRPL27/MRPS18B/NDUFS7/TBRG4/MRPL15/NDUFAF4/DHX30/MTIF2/MRPS30/AURKAIP1/HINT2/MRPL39/SLC35E2B/DCDC2C/NDUFS4/MRPL21/MRPL47/PMPCB/TACO1/VWA8/MRPL41/CHCHD1/ACAD9/MRPL28/MRPS9/MDH2/FASTKD2/MRM1/MRPL50/MRPS14/MRPS11/MRPS16/LRPPRC/NDUFS3/MRPL49,In6b
cluster59,cluster59,178,-0.518077141720215,-1.71551710375974,1.61652305932294e-05,0.00102649214267007,0.000910357722881868,2679,"tags=34%, list=17%, signal=29%",GATAD2B/HIVEP1/RB1/SUZ12/NFIC/EHMT2/TLE1/CCDC144NL/GATAD1/BCOR/PARP1/ZNF609/SMARCD2/BCL9/NKX6-2/ARID1B/HHAT/FHL2/BRD3/POGZ/PBRM1/FOXK2/EHMT1/ELF2/RBPJ/PAX6/SMARCC1/KDM6A/MAP6D1/ZZZ3/SMARCB1/UBE2I/JUN/CREBBP/MGA/HERC2P3/NCOR2/BRD2/SOX10/ARID4B/KMT2C/ZNF608/NCOR1/ZNF644/BPTF/ARID2/ELF1/TMEM163/BMPER/TBL1X/KAT2B/FAT2/FOXP1/SATB2/SSBP3/NFIB/NFIX/CHD7/FSTL5/NFIA/ST18,In6b
cluster115,cluster115,152,0.468897250860182,1.67755855169046,0.000171355371679265,0.00579728587486162,0.00514139733618063,2536,"tags=37%, list=17%, signal=31%",MDH1/CHCHD10/PGK1/ACO2/SDHB/DPY19L2/ASS1/IDH3A/PRDX5/GLRX5/ITFG1/PRDX3/ALDOA/LDHB/SOD2/CLPB/IVD/LYRM7/LDHA/PDHX/OAT/SOD1/NDUFC1/ENO2/FOXRED1/PINK1/OXCT1/GSTO1/ENO1/DNAJC4/SLC25A3/MPV17/ABHD10/TPI1/PPT1/ALDH2/ECI2/PPIA/TKT/NDUFAB1/ECH1/RTN4IP1/FH/WARS2/CORO1C/ATAD3B/NDUFAF5/SARS2/PCCB/SUCLG1/DNAJA3/ACADM/PITRM1/POPDC3/FXN/ABCE1,In6b
cluster91,cluster91,154,0.469648921516804,1.68446274858362,0.000182591681098004,0.00579728587486162,0.00514139733618063,2385,"tags=29%, list=16%, signal=25%",DPP10/KCNC1/WIF1/SPATA20/SLC25A11/CKMT1B/GPX4/PCP4L1/ANXA11/CLTC/TUBB2A/ACAA1/ARMCX2/CKMT1A/GLRX/STIP1/SLC22A17/UCHL1/ADK/MAP1LC3B/RNF157/LYPLA1/CCS/APRT/DCXR/GSTK1/NFU1/CYP4A22/PTP4A1/SHC2/TIMM8B/PDSS1/MIPEP/PITPNB/SDHAF4/ARMCX4/MCEE/ISOC2/ILK/FAHD2B/ADCK5/HAGH/IMPDH1/GTPBP8/PRKCI,In6b
cluster113,cluster113,88,0.522891174100266,1.72021192815681,0.000484856465545689,0.0123153542248605,0.0109220298554503,2716,"tags=47%, list=18%, signal=39%",NDUFA4/NDUFB5/UQCRB/NNT/COX6B1/COX7A2/COX6C/NDUFS5/NDUFB10/AFG3L2/TOMM40/NDUFA10/NDUFA8/NDUFB9/COX7C/VDAC1/UQCRC1/SLC25A12/LACTB/APOO/UQCRC2/COX7A2L/COQ9/COQ5/UQCRFS1/COX6A1/AMZ2P1/NDUFA1/SLC25A24/VDAC3/RMND1/COA3/ECSIT/NDUFB4/CISD3/NDUFB11/GUF1/IMMT/EMC2/NDUFAF1/LETM1,In6b
cluster108,cluster108,161,0.424975840918103,1.52626554985981,0.0010251463419194,0.0216989309039606,0.0192439751904167,1501,"tags=20%, list=10%, signal=18%",KCNC2/CAMK2N2/GAPDH/DNAJC21/HSPA4L/SUGP1/CCT6A/PSMD3/MYL6/EIF5A/MYH10/DYNC1H1/CCT2/HPS4/TCEAL5/AHSA1/ISG15/AGO4/CTPS1/PCNP/NSUN4/PKM/NSUN2/FBLL1/PSMA3/PSMB5/MAP3K14/IFIT1/TFB1M/GRK5/LRRC75B/NACA,In6b
cluster80,cluster80,131,0.436367734151416,1.53032660881899,0.00178699906786874,0.0324212688027614,0.0287532180845045,2365,"tags=34%, list=15%, signal=29%",ABAT/TM6SF1/CTSL/CHCHD3/COX5B/ATP6V1A/UQCC1/ATP6V1B2/UQCRH/ARMCX3/PEBP1/ACADSB/HSP90B1/ATP2A2/TOMM20/ATP6V0D1/PC/HACD3/PPA1/RCN2/APOOL/YME1L1/UQCR10/ENDOG/C12orf73/NDUFB7/SLC25A1/PPTC7/AADAT/LINC00205/HMGCL/MTX2/DNAJC11/BOLA3/PTGES2/COX7B/PRNP/SAMM50/NDUFB6/MSRB2/ABCD3/SLC9B2/GPR34/HK1,In6b
cluster118,cluster118,85,-0.525213267130181,-1.58790191489289,0.00268252554368561,0.0425850930060091,0.0377671359439948,980,"tags=21%, list=6%, signal=20%",STX1A/RHOJ/PTCH1/EDA/DCBLD2/MCAM/COLEC12/UNC5B/APOD/KCNB2/MAN1A1/GPRC5B/PLLP/KCNT2/PTPRD/OPALIN/SEMA6A/SLC39A11,In6b
cluster9,cluster9,211,0.499749137684687,1.81722254490533,8.31512518633315e-07,0.000105602089866431,9.01534625465595e-05,2255,"tags=34%, list=15%, signal=30%",DDX24/RPS14/RPL15/RPL14/HNRNPA0/RPSA/RPL31/STAU2/RPL18/RPL10A/RPS17/RPL24/RPL37A/NKRF/RPS16/CAPRIN1/RPS23/CIT/NEIL1/UPF1/HNRNPA3/RPS15A/PURA/RPLP2/RPS24/SF3B2/GTPBP4/RPL30/G3BP2/RPS5/RPLP1/NOL10/RPS4X/PRPF8/RPL5/EFTUD2/NPM1/HEXIM1/DHX36/HNRNPDL/DDX21/RPL32/SRP68/RPS18/RPS13/PCBP1/NCL/SERBP1/STAU1/RPL27/RPS15/RPL11/CTCF/RPS6/RPL22/RPS19/NOP56/ZCRB1/CEBPZ/RPL9/RSL1D1/RPL36AL/RPS25/RPF1/RPL7/SYNCRIP/ZNF346/RPS7/RPS20/RPL13A/RPL19/RPL12,Ex4
cluster112,cluster112,146,0.481296249337315,1.68322497045187,0.000162581869975059,0.00702850828670324,0.00600030131396961,3200,"tags=38%, list=21%, signal=30%",COX4I1/SLC6A17/MRPL3/MRPS26/MRPS30/NDUFV1/MRPL18/NDUFA6/NDUFS1/SLIRP/AURKAIP1/NDUFAF4/TSFM/GADD45GIP1/MRPL47/NDUFS7/MRPS7/NDUFS6/GRSF1/MRPL4/NDUFS8/NDUFA5/MRPL22/TRMT61B/PMPCA/MRPL42/MRPL20/MRPS16/NDUFA2/MRPL10/PDHA1/RPUSD4/MTG2/MRPL49/MRPL13/DDRGK1/NDUFS2/TMEM70/NDUFS3/MRPL37/MRPS2/MRPS18C/TUFM/MRPL9/PHB/MRPS25/CS/EXD2/MRPL11/FASTKD2/MRPL51/CHCHD1/MDH2/C1QBP/DAP3,Ex4
cluster66,cluster66,206,-0.500711837905294,-1.63441333994857,0.000166027754804013,0.00702850828670324,0.00600030131396961,2060,"tags=22%, list=13%, signal=20%",CC2D1A/ERBB3/SCRIB/COLQ/CDH1/ADHFE1/SDC2/ELN/SNTB2/NEDD4/SPG11/MBNL1/TRAPPC10/EXOC4/IL17D/ETNPPL/PIGL/RICTOR/PKP2/TRAPPC13/NTN1/ITCH/FAM126A/COL9A1/DLG2/IGF1/PPP2R2B/PBX3/TOX3/DCHS2/UTRN/CTDSPL/MAG/GRIN2C/ITGA9/ADAMTS9-AS2/LRRTM4/PLXDC2/RPS6KA2/DTNA/KCNIP1/PARD3/NTM/NXPH1/LHFPL3/ERBB4,Ex4
cluster59,cluster59,178,-0.481943994131821,-1.54614085157062,0.00102349374572621,0.0324959264268071,0.0277420673183683,1562,"tags=22%, list=10%, signal=20%",ARID1B/ARID4B/CCDC144NL/RB1/RNU6-6P/ELF1/ARID1A/ARID2/GATAD1/RERE/ZZZ3/MGA/GATAD2A/HDAC1/ELF2/SLC24A2/PAX6/HIVEP1/BPTF/BCL7C/SOX10/SOX5/EHMT1/JUN/KCNQ1OT1/CDK8/TEAD1/KDM6A/ZNF609/FSTL5/KMT2C/TRPS1/FAT2/ZNF608/KAT2B/CHD7/NFIB/SOX6/ST18/NFIA,Ex4
cluster113,cluster113,88,0.582256853333864,1.95943525058069,3.8038230383299e-06,0.000253672083723649,0.000216562160161922,2550,"tags=44%, list=17%, signal=37%",NDUFA4/NDUFS5/UQCRB/COX6B1/COX6C/NDUFB10/VDAC1/CCK/COX7A2/UQCRQ/VDAC3/COX7C/SLC25A12/COA3/NDUFB4/UQCRC1/NDUFB11/NDUFB1/NNT/ABCB7/NDUFB5/ANKRD34C/NDUFA1/IFITM10/TOMM22/HSCB/NIPSNAP3A/AIFM1/CYC1/COX7A2L/VDAC2/COQ9/ECSIT/UQCRC2/APOO/GUF1/UQCRFS1/IMMT/OXA1L,Ex5a
cluster9,cluster9,211,0.44957515990518,1.7173274238557,3.99483596415196e-06,0.000253672083723649,0.000216562160161922,2101,"tags=31%, list=14%, signal=27%",RPL15/RPL7A/NCL/RPL36AL/RPS4X/HNRNPA0/RPS8/RPL32/STAU2/RPL27/HNRNPA3/CIT/RPS13/RPL19/RPL8/RPS23/PRPF8/RPL31/G3BP2/RPS17/RPL5/RPS24/RPL27A/FAM120A/RPS6/RPL22/BMS1/CCDC137/PURA/RPS11/PRKRA/REXO4/RPS14/SERBP1/RPS25/CEBPZ/RPLP1/RPL12/RPL10A/RPS15/PCBP1/RPS16/RPS19/CAND1/RPL7L1/RPL24/RIT1/SRP68/TTC9/DDX24/ABT1/NOP56/SRSF7/RPLP2/RC3H2/NEIL1/RSL1D1/RPL4/RPL13/KRR1/RPS26/CTCF/RPL37A/EFTUD2/RPS2,Ex5a
cluster115,cluster115,152,0.487376535985773,1.76490177796671,7.2391852570316e-06,0.000306458842547671,0.000261626695254125,2295,"tags=29%, list=15%, signal=25%",ENO2/CHCHD10/SOD1/PINK1/UBE2QL1/TPI1/CFL1/OAT/TXN/PPIA/HINT1/MDH1/PRDX3/LDHB/DNAJC28/ENO1/ALDOA/ACADM/SOD2/LDHA/PGK1/PRDX5/NT5C3B/MYL12A/NDUFAB1/NDUFC1/SUCLG1/MTPN/GSTO1/LYPLAL1/IDH3A/OXLD1/OXCT1/GUK1/CPS1/ACO2/PPT1/CD81/ABHD10/THG1L/PITRM1/SDHAF3/GRPEL1/SPRTN,Ex5a
cluster108,cluster108,161,0.47252353441003,1.72954969079896,1.53905383894586e-05,0.000488649593865312,0.000417164593187958,2933,"tags=37%, list=19%, signal=30%",GAPDH/GNL1/KCNC2/NACA/RPRML/HSPH1/POP7/EIF1B/TCP1/EIF1/MYH10/CMAS/TCEAL5/CCT2/CCT7/AHSA1/PCMT1/FBXO32/CCT6A/PRDX1/PTMA/TPT1/HSPA4L/THUMPD1/MYL6/ACTR1A/CAMK2N2/UBE2A/ZDHHC11B/CCT3/IGSF8/FBLL1/MAEL/CCT8/TRIM14/PSMD1/PSMB5/IFIT1/PCNP/ASAH2B/EIF5A/PSMA4/FABP5/PKM/DYNC1H1/LRRC75B/PSMB6/RNH1/KRT10/OLA1/RRP1/UBE2M/TUBG1/PSMA3/NEMF/DNAJB6/LINC01234/PSMD3/PSMB3,Ex5a
cluster59,cluster59,178,-0.480550250027539,-1.6209836561928,0.000230402133313234,0.00585221418615613,0.00499608836447643,1821,"tags=24%, list=12%, signal=22%",TEAD1/SMARCA4/KDM2B/MBD2/CREBBP/HMGXB4/SMARCD2/PHF12/RNU6-6P/KMT2D/PAX6/ZZZ3/CSNK2A1/BCL7C/KDM6A/EP300/KMT2A/MAP6D1/NKAPP1/SOX10/BCL9/RERE/ELF1/RCOR1/ARID2/ARID1A/KMT2C/SMARCA2/BPTF/MGA/ELF2/ZNF609/FAT2/TRPS1/SOX5/KAT2B/SOX6/NFIB/ZNF608/FSTL5/CHD7/NFIA/ST18,Ex5a
cluster8,cluster8,94,-0.555917672945103,-1.71480774206973,0.000310133863473818,0.00656450011019581,0.00560417332242162,1528,"tags=24%, list=10%, signal=22%",DACT3/DLL1/LDLRAD4/CALCRL/TNIK/LITAF/FGF1/CRTAC1/EPS8/MAGI2/RAD51B/NOS1/PRTFDC1/GUCY1A2/MYO16/TJP1/PTPRZ1/CUX1/RFTN2/MBP/HS6ST3/HIP1/GRIK1,Ex5a
cluster91,cluster91,154,0.432504783726782,1.57033782180326,0.0005748995354328,0.0104303201428522,0.00890445896986141,3068,"tags=30%, list=20%, signal=24%",UCHL1/TUBB2A/GPX4/DPP10/ANXA11/CLTC/PCP4L1/UQCC2/TOMM40L/OPTN/PTP4A1/RNF157/MFN2/MAP1LC3B/CMC1/MCFD2/UBA52/ACAA1/SDHAF4/NFU1/PSAP/CREG2/SLC22A17/ARHGDIA/C11orf54/CKMT1A/ROMO1/GLRX/COA6/GPC1/NPEPPS/FPGS/FABP3/MIPEP/SLC25A11/SRI/MTO1/CAPN9/SORD/CKMT1B/TIMM8B/COQ3/HAGH/ARMCX2/MPI/CRAT,Ex5a
cluster124,cluster124,71,-0.568719852601792,-1.71247041981844,0.00113194180956924,0.0179695762269117,0.015340790313899,2275,"tags=28%, list=15%, signal=24%",PKP4/LYPD1/ARSA/BCHE/FREM2/RHOQ/NWD1/PKD2/MOXD1/SNTA1/OLFM2/GALNT10/NOTCH2/INSR/LAMB1/SUSD4/SEMA3B/FGFR3/VCAN/CXCL14,Ex5a
cluster13,cluster13,138,-0.464740265537597,-1.52576380483496,0.00237106714989973,0.0334583920041407,0.0285637329169208,1645,"tags=22%, list=11%, signal=20%",NOTCH1/PDE4DIP/CDC25B/FLT3/COL24A1/CBL/WDR25/CEP89/ZNF883/ADAMTSL3/CDH20/ADAM12/KANTR/VWC2L/RECK/APPBP2/AGAP1/HYDIN2/IGSF11/TANC2/CCDC144CP/GFAP/RGS20/RAB3IP/HEPACAM/KIT/GAB2/HPCAL1/NAV1/TNR/TIAM1,Ex5a
cluster88,cluster88,61,0.521340009834193,1.65863093833935,0.00336196678861869,0.0426969782154573,0.0364507978134447,2143,"tags=26%, list=14%, signal=23%",COL11A1/GABRA1/THY1/RFK/NEGR1/KCNV1/GFRA2/CPLX1/CREG1/CHI3L1/SLC25A22/TIMM22/ST13/PDP2/COPZ1/ARHGAP35,Ex5a
cluster53,cluster53,113,-0.472886147759432,-1.51309817144112,0.00386240434504456,0.0431642031082091,0.0368496719448449,3164,"tags=37%, list=21%, signal=30%",TLE3/RXRA/PHF20L1/SMAD1/LIN52/KANSL3/TAF1/E2F4/SALL1/FLI1/NCOA1/JPX/PIAS2/CKMT2-AS1/MAML1/FBXO38/QSER1/CREB1/BCL6/ARID4A/RELA/PCGF5/LHX6/TNRC6A/TLE4/EPAS1/NCOA2/TNRC6B/CWF19L2/EPC1/KANSL1/HMBOX1/BCL11B/CNOT2/SMAD3/ZNF638/POU2F1/PBX1/GRM4/ZHX2/DPF3/CDH18,Ex5a
cluster112,cluster112,146,0.40072784414549,1.44274683553257,0.00407850738030322,0.0431642031082091,0.0368496719448449,3765,"tags=42%, list=25%, signal=32%",COX4I1/NDUFA5/SLC6A17/MDH2/PDHA1/NDUFA2/NDUFS4/MRPL51/PMPCA/NDUFS3/DHX30/MRPL28/MRPL48/MRPS31/MRPL27/NDUFA12/PIGX/MRPL41/GRSF1/LRPPRC/MRPL37/OGDH/NDUFS8/MRPL3/NDUFS6/NDUFAF4/CTBP1-AS/SSBP1/MRPS2/MRPS23/MRPL40/MRPL17/C1QBP/CHCHD1/CLPP/MRPS7/EXD2/MRPL20/C17orf80/MRPL24/MRPS30/MRPL2/MRPS33/LANCL1-AS1/GFM1/AURKAIP1/MRPS26/ERAL1/MRPL22/MRPL32/SLIRP/MRPL45/NDUFA6/BIRC3/MRPS18A/MRPL9/FASTKD2/TACO1/MRPL44/COX7A2P2/PMPCB/TUFM,Ex5a
cluster59,cluster59,178,-0.461057693469363,-1.5863773456554,0.000753994144236391,0.0494844522526882,0.0463468139623188,2210,"tags=32%, list=14%, signal=28%",YY1/BPTF/ZNF330/MBD3/MGA/HERC2P3/HHAT/SUZ12/FOXK1/TRRAP/TEAD1/RBBP5/MED4/KDM2B/EP300/EP400/HIVEP1/PAX6/SSBP3/MBD2/FHL2/KMT2A/RNU6-6P/ARID2/POGZ/SIN3A/ARID4B/SMARCB1/TLE1/ZZZ3/TADA2A/TRPS1/BMPER/ASH2L/SOX10/NCOA3/SMG7/MAP6D1/NCOR2/JUN/SMARCC1/ELF1/RBPJ/KDM6A/KMT2C/GATAD2B/KAT2B/SOX6/SATB2/FAT2/TBL1X/FOXP1/TMEM163/SLC24A2/IQCJ-SCHIP1/CHD7/ST18,In4b
cluster26,cluster26,100,-0.512556691299836,-1.66571499578686,0.00108629759069959,0.0494844522526882,0.0463468139623188,1662,"tags=25%, list=11%, signal=22%",SLF2/ARHGAP18/STAT4/SECISBP2L/SFMBT2/USP28/MX1/PPCDC/NOL4L/FAM189A1/CREBRF/KCTD8/POU2F2/DISP2/EML5/GAS7/MORN1/SOBP/ENOX2/NFAT5/ELL2/ARHGAP22/CAMK2D/SLC35F3/MAML2,In4b
cluster36,cluster36,136,-0.481667615965023,-1.60824506749144,0.00116892406896114,0.0494844522526882,0.0463468139623188,1828,"tags=20%, list=12%, signal=18%",ARNTL2/ASB7/FER/FRYL/POC1B/SPIDR/AGAP3/MYOM2/PTCHD1/MLXIPL/DACH2/SCGB2B2/MIS18BP1/CHKA/CD2AP/DEPTOR/COL26A1/PPP1R12B/FRMD4B/PLEKHH2/ETV5/LDLRAD3/PRICKLE1/MEGF10/NUAK1/NPAS3/CAMK4,In4b
cluster9,cluster9,211,0.459844677151456,1.79593425342809,1.76848548349042e-06,0.000224597656403283,0.000214079821685683,1754,"tags=29%, list=11%, signal=26%",RPS18/RPL31/RPS6/RPL13/RPS20/RPL37A/RPS4X/RPLP2/RPL24/RPS19/RPL8/RPL12/RPL7/RPL35/RPL27/RPL11/RPS16/RPL10A/ZNF346/RPSA/HNRNPA3/RPL36/RPS13/RPS25/RPLP1/RRP12/RPS3/RPL4/RPL13A/RPL5/RPS9/RPL18/RPS24/RPS2/RPS14/FAM120A/RPL32/CIT/RPL14/NPM3/RPL9/RPL19/PRC1/DKC1/CRYBB2P1/EBNA1BP2/RPL3/RPS15/GNL3/RPL15/PABPC1/LIN28B/POP1/RPL21/RPLP0/RC3H2/PSPC1/NIFK/RBMS2/CTCF/RPL28,Ex8
cluster9,cluster9,211,0.497506892867822,1.85849503718257,6.83134880446068e-08,8.67581298166506e-06,6.04035052183891e-06,3207,"tags=45%, list=21%, signal=36%",RPL21/RPL7/RPS7/RPS16/ILF2/RPS15/RPL35/RPL3/SRSF3/RPL15/SRSF7/RPL7A/RPS26/RPS14/CAND1/DKC1/RPL32/HNRNPA2B1/RPL10A/RPL10/RPL12/NCL/RPLP2/RPL31/RPL24/RPL18/RPL11/SURF6/RPSA/RPL27/RPS23/PURA/REXO4/RPS18/RPS3/RPLP1/GNL3/STAU2/RPL30/SRSF6/RPL9/CAPRIN1/ILF3/RPS2/CEBPZ/RPS11/RPS25/RPL14/RPS17/CCDC137/HNRNPA3/SERBP1/SF3B1/RPL7L1/FBL/RPL23A/UPF1/RPL22/SRP72/RC3H2/ALYREF/RPL5/PRPF8/RPL6/RPL18A/HNRNPR/GTPBP4/PRR3/RSL1D1/FZR1/RPL37A/SRSF4/DDX24/RPL36/NKRF/RPS9/RPL19/DHX36/NSA2/TTC9/RPS8/DDX54/RPS5/RBM8A/PABPC1/SF3B2/ZNF574/G3BP2/RPLP0/RPS3A/NPM1/ZNF668/RPS4X/MYBBP1A,Ex3e
cluster115,cluster115,152,0.499347058183004,1.80262526353061,2.94225059618386e-06,0.000186832912857675,0.000130078447410234,2379,"tags=31%, list=16%, signal=26%",ALDOA/GUK1/HINT1/TPI1/ENO2/ENO1/PINK1/PPIA/UBE2QL1/SOD1/CFL1/MDH1/SLC25A3/OAT/PRDX5/CHCHD10/NIT2/PRDX3/NENF/GSTO1/NDUFAB1/LDHA/RTN4IP1/PITRM1/OXCT1/ITFG1/TXN/SOD2/PGK1/LYRM4/SDHA/SHMT2/CPOX/SSR4/MTPN/NDUFC1/NDUFAF3/ALDH2/DNAJA3/GLRX5/CD81/NME4/ALDH1B1/LAP3/FOXRED1/PUS1/ECH1,Ex3e
cluster80,cluster80,131,0.516208717915798,1.82067623599935,5.63435333075273e-06,0.000219850487948432,0.000153066232802887,2809,"tags=40%, list=18%, signal=33%",ATP6V1B2/PRNP/PEBP1/TOMM20/COX5B/ATP6V1E1/ATP6V1A/ARMCX3/PDP1/ATP6V0D1/TMEM33/EMC4/TMEM126B/P4HB/HACD3/GDI2/TOMM7/CMPK1/CISD1/HK1/UQCR10/COA7/DNAJC11/OPA1/RCN2/COX11/ATP2A2/MSRB2/VCP/UQCRH/PTGES2/BOLA3/TXNDC12/CALR/ATP6V1C1/PDIA3/SLC9B2/UQCC1/STARD5/COPB2/ACOT9/COX17/APOOL/MTX2/TIMM17B/PPTC7/TM6SF1/CSE1L/ARCN1/LSG1/NDUFB7/SLC25A10,Ex3e
cluster13,cluster13,138,-0.499426142697755,-1.80510835337133,6.92442481727345e-06,0.000219850487948432,0.000153066232802887,2253,"tags=25%, list=15%, signal=22%",FAAP100/MAGI1/EXOC1/VPS52/GLRX3/CDK16/WDR25/SPG21/HEPACAM/CEP89/KANTR/HYDIN2/FNDC3B/FLT3/RGS20/IGSF11/ADAM12/GOLGA1/ZNF586/CCDC144CP/RAB3IP/NAV1/MAPKAP1/ADAMTSL3/GFAP/AGAP1/APPBP2/OSBPL6/KIT/DENND4C/GAB2/TNR/STARD13/CDH20/TIAM1,Ex3e
cluster108,cluster108,161,0.478291281084596,1.74186654915863,1.88436816343062e-05,0.000478629513511378,0.000333235633111942,2664,"tags=29%, list=17%, signal=24%",GAPDH/PCMT1/PKM/PSMB6/PSMA5/CMAS/EIF1/DNAJB6/HSPH1/PCNP/TPT1/CCT6A/MYH10/GNL1/EEF1B2/KCNC2/PSMB5/ISG15/PSMB3/EIF1B/CCT3/FBXO32/HSPA4L/PSMD1/CCT5/RPS4Y1/TCP1/PSMC1/MYL6/PTMA/IFIT1/RRP1/TCEAL5/ZNF622/CCT4/ZNF879/PSMA4/EIF5A/PSMA3/PSMD12/LINC01234/KRT10/UQCRHL/EIF4G3/ZC3H15/SURF2/UBE2M,Ex3e
cluster59,cluster59,178,-0.451506329206624,-1.70450668347419,3.82291680337632e-05,0.000777806378009787,0.000541531170765206,2078,"tags=28%, list=14%, signal=25%",GATAD2B/MTA3/PBRM1/SAP130/CSNK2A1/NCOR2/NCOR1/SUDS3/HDAC1/SMARCD2/TADA2A/BPTF/EP300/ARID4B/MBD2/BCL9/BCL7C/TRRAP/ZZZ3/SIN3A/SLC24A2/TBL1X/NFIB/HERC2P3/ARID2/ELF2/SMARCC1/RCOR1/RNU6-6P/NR2C1/HMGXB4/ELF1/ZNF609/RERE/TMEM163/CDK8/EHMT1/ZNF608/FAT2/RB1/SUZ12/ARID1B/TRPS1/RBPJ/KMT2C/SOX6/FSTL5/CHD7/NFIA/ST18,Ex3e
cluster91,cluster91,154,0.472569511585161,1.71419791056815,4.28712176855788e-05,0.000777806378009787,0.000541531170765206,2586,"tags=27%, list=17%, signal=23%",UCHL1/TUBB2A/CREG2/PSAP/FABP3/GPX4/ROMO1/OPTN/PITPNB/SLC22A17/COA6/FDPS/TIGAR/SLC25A11/MAP1LC3B/MCFD2/MFN2/SRI/ARHGDIA/PRKCI/ESD/GSTK1/PDCD6IP/CKMT1B/RNF157/NT5DC3/MPI/ARHGAP39/TIMM8A/PTP4A1/CLTC/TOMM40L/HECTD3/ADCK5/COPB1/ACAA1/CKMT1A/ANXA11/SDHAF4/UBA52/MBTPS2/GEMIN4,Ex3e
cluster8,cluster8,94,-0.51887283856451,-1.76362242835447,7.27140678791367e-05,0.00115433582758129,0.000803681802874668,893,"tags=18%, list=6%, signal=17%",EPS8/CACNA1A/PRTFDC1/MAGI2/NOS1/MYO16/LRRC49/LDLRAD4/MBP/CASK/RAD51B/CUX1/PTPRZ1/RFTN2/TNIK/HIP1/GRIK1,Ex3e
cluster113,cluster113,88,0.53599310385681,1.78341928910248,0.00011438929058586,0.00161415998937824,0.00112382460926459,2770,"tags=43%, list=18%, signal=36%",CCK/NDUFA4/UQCRQ/NDUFA10/COX6C/VDAC3/UQCRB/NDUFS5/IDH2/VDAC2/SCCPDH/COA3/NDUFB4/NDUFB1/VDAC1/COX7A2/NDUFB10/CYC1/COX7C/UQCRC1/NNT/RMND1/NDUFB3/NDUFA1/UQCRFS1/UQCRC2/COX6B1/NDUFB5/IMMT/OXA1L/TOMM22/APOO/DNAJC19/AIFM1/EARS2/SNAI3-AS1/NDUFA8/ANKDD1B,Ex3e
cluster89,cluster89,146,0.457931325894376,1.64211740612013,0.000423277094262184,0.00494616722293624,0.00344366387672312,1947,"tags=21%, list=13%, signal=19%",STMN1/TUBB/SCRN1/IGIP/CAPNS1/CUTA/PGM2L1/SYT4/MTMR11/VPS4B/PFKM/ANXA6/SNCA/ACTN4/ANXA1/FKBP1B/TPRG1L/DNAJA4/AK1/DPM1/SEZ6/IMPA1/RAB6C/SPTBN1/PHLDA3/SMS/KCMF1/PREP/GALE/TTC39B/COL6A6,Ex3e
cluster11,cluster11,144,0.444972068666061,1.59275945803359,0.000428408184663769,0.00494616722293624,0.00344366387672312,2863,"tags=34%, list=19%, signal=28%",DDX51/SRP14/FAU/RPS28/SNU13/EIF3I/SRP9/EPB41L4A-AS1/NHP2/RPS21/BUD13/HNRNPH3/PURB/ENY2/CUL7/GRWD1/DHX15/RPL34/RPL29/HTR5A/RSL24D1/ZFP62/RPS27A/SSB/SNRPD1/ZNF771/ZNF770/WDR36/DRG1/URB1/EIF3A/ZBTB47/IMP4/SRSF10/DSCR9/SRSF9/RPS27/TTF1/NGDN/TEX10/ZNF184/BOP1/ZNF746/EIF3B/ZNF48/GZF1/CUL1/TRIM71/EMC9,Ex3e
cluster117,cluster117,170,0.401139414284797,1.46592889021224,0.00229495454537268,0.0242882689385275,0.0169101913869566,2926,"tags=26%, list=19%, signal=22%",SERINC1/BNIP3/SYNGR1/ITM2C/RTN3/B4GAT1/NSG1/NAT14/KCNA2/CNIH1/SEL1L/APOL2/DAGLB/NCEH1/DPY19L1/ADPGK/PIGN/ATP2B3/TMEM254/METTL9/OPRL1/SCAMP1/MCOLN3/TSPAN17/TMEM147/GOSR1/PDXDC1/FAM20B/ARHGAP1/EFNA5/TMEM222/SLC20A1/SNAP47/ORMDL1/TEX2/CPD/FAM8A1/TMEM19/SLC38A2/TCTN1/ACP2/LRRC55/CYB561/SERP1/OPRM1,Ex3e
cluster126,cluster126,84,0.463130073871525,1.53094718444529,0.00304212389043739,0.0277954042682615,0.0193519598718107,3551,"tags=39%, list=23%, signal=30%",PGRMC1/GOLT1B/SLC25A4/RHBDD2/OCIAD1/ACSL3/MGST3/NCLN/DHCR24/ATP6AP1/DHCR7/YIPF5/AMFR/FIS1/HM13/SGPL1/LRRC59/CDIPT/UNC50/EMC3/MMGT1/TMEM65/RPN2/CYB5R3/ZMPSTE24/TMED10/KCNK1/TM9SF3/EMC1/SSR1/SEC61B/EI24/TMEM14C,Ex3e
cluster53,cluster53,113,-0.440002048577823,-1.53587119547762,0.0030640603130367,0.0277954042682615,0.0193519598718107,4203,"tags=51%, list=27%, signal=38%",ZNF219/TP53/TFAP4/FOXJ2/CREB1/MORC4/FOS/XPO1/ZSCAN21/SMAD1/CEBPB/E2F4/YEATS4/SALL1/IKZF1/SUPT7L/ARID4A/PCGF5/PATZ1/NFYC/PIAS1/SP1/RELA/MAML1/TLE3/FLI1/LHX6/RXRA/EPC1/ING5/TCF7L2/ZNF76/EPAS1/FBXO38/PHF20L1/BCL6/CTBP2/NCOA2/HMBOX1/LIN52/NCOA1/GRM4/TNRC6B/TLE4/CNOT2/ZFHX3/BCL11B/CKMT2-AS1/DPF3/JPX/KANSL1/POU2F1/ZNF638/ZHX2/CWF19L2/CDH18/TNRC6A/PBX1,Ex3e
cluster64,cluster64,146,0.41517728699452,1.4888036940209,0.00343662973522363,0.0290967984248934,0.0202580279128972,3529,"tags=36%, list=23%, signal=28%",EIF4A2/RAN/KPNB1/TRMT112/SRSF2/SET/CWC15/PHAX/LSM14B/EXOSC6/HTATSF1/FAM98B/LSM1/PDCD4/DDX3Y/WDR75/THAP3/TSPYL5/CSDE1/EIF4G2/ABCF1/MCM3/PPIH/PELP1/ISG20L2/NOL11/EIF3F/CSTF3/DDX49/ZCCHC17/GSK3A/RBX1/DHX38/COL19A1/STRAP/SUB1/WDR18/TPR/EIF4E/BANF1/CEP250/ZRANB2/ZNF692/GPATCH11/PRDM10/DDX41/NCOA5/CHD1/IFIT2/NAP1L4/ARGLU1/CFAP20,Ex3e
cluster66,cluster66,206,-0.370298440150492,-1.41524440841444,0.00476731814737297,0.0378405877947729,0.0263457055512717,2897,"tags=26%, list=19%, signal=22%",TRPM6/MIB2/CD38/DLG5/UHRF1BP1/DCHS2/ZNF154/DAB2IP/UBE2Q2P2/EXOC7/CC2D1A/ELN/PRKX/ETNPPL/CDON/AP4E1/CCNYL1/SDC2/COLQ/ERBB3/LYPD6B/FBN1/NRXN1/FAM126A/PKP2/ARVCF/SULF2/NTN1/UTRN/COL9A1/DLG2/MAP2K7/ADHFE1/TRAPPC9/GRIN2C/PBX3/DTNA/IGF1/ITCH/TOX3/ITGA9/USP8/MAG/KCNIP1/PIGL/PLXDC2/NTM/CSGALNACT1/PARD3/NXPH1/RPS6KA2/PPP2R2B/LHFPL3/ERBB4,Ex3e
cluster112,cluster112,146,0.402205824362112,1.44228871815653,0.00550522786367413,0.0411272905109773,0.0286340025107509,3780,"tags=42%, list=25%, signal=32%",COX4I1/NDUFV1/MRPS18C/NDUFS8/NDUFS2/PDHA1/SLC6A17/TMEM70/CHCHD1/MRPL55/GADD45GIP1/LRPPRC/MDH2/MRPS34/MRPL45/NDUFA6/MRPS14/NDUFA12/AURKAIP1/C1QBP/MRPL42/MRPL27/VSTM2B/MRPS28/MRPS27/MRPL11/MRRF/MRPL19/CS/MRPS26/MRPL23/MRPL37/MRPL47/MRPS35/DAP3/TRMT61B/SLIRP/NDUFS7/HTR5BP/MRPL52/MRPL10/MRPL46/MRPL4/MRPS2/TUFM/MRPS5/OGDH/NDUFA5/MTIF3/DDRGK1/TEX30/NDUFS1/PMPCB/NDUFS3/MRPL44/MRPL41/PMPCA/GRSF1/MRPS25/MRPS10/NDUFAF4/ERAL1,Ex3e
cluster59,cluster59,178,-0.485342397632206,-1.74009253594776,1.45202836821179e-05,0.00184407602762898,0.0017730030601323,2338,"tags=30%, list=15%, signal=26%",SSBP3/TADA2A/SMARCD1/POGZ/PAX6/RERE/BCL7C/MAP6D1/GATAD2B/ELF1/DPF1/NKAPP1/SMARCA2/HDAC2/NCOR2/ZNF644/EHMT1/SOX10/SIN3A/SAP130/PHF12/CBX3/JUN/ZZZ3/RBPJ/MED4/KMT2C/EP400/EP300/MTA3/ARID2/SOX5/GATAD1/HERC2P3/ELF2/KAT2B/SMARCC1/FOXK2/BMPER/FAT2/FOXP1/TMEM163/TEAD1/YY1/TBL1X/TRPS1/SATB2/IQCJ-SCHIP1/SOX6/CHD7/BCL11A/SLC24A2/ST18/NFIA,In1b
cluster8,cluster8,94,-0.547850434189619,-1.78356550399009,9.61271076640446e-05,0.00664036807890615,0.00610924870914697,2254,"tags=33%, list=15%, signal=28%",DCDC2/LRRC49/ZDHHC23/VSTM4/CCDC28A/GUCY1A2/SKAP2/CALCRL/LITAF/NTRK2/KIAA0319/CRTAC1/NOS1/PRTFDC1/FGF1/TYW3/CACNA1A/GALNT9/ARHGEF7/PTPRZ1/HIP1/LDLRAD4/MYO16/MAGI2/ADGRB2/RFTN2/RAD51B/CUX1/TJP1/GRIK1/MBP,In1c
cluster9,cluster9,211,0.435730960444417,1.61948526651558,0.000104572725652065,0.00664036807890615,0.00610924870914697,2916,"tags=36%, list=19%, signal=29%",CIT/CAPRIN1/RPL13A/RPLP0/NPM1/RPL35/RPS16/RPS9/RPS2/RPS24/RPL14/RPL18/RPS5/RPL18A/RPS23/ADARB1/DHX36/ILF3/RPLP1/RPS18/YBX1/DHX9/RPL36/RPS7/RPL27/HNRNPA3/HNRNPDL/PURA/NOP56/HNRNPA2B1/SRSF7/RPL3/RPL32/EIF2AK2/RSL1D1/RPL30/RPSA/RPS3A/HNRNPA0/RPL6/NR2C2/NSA2/NEIL1/PRPF8/RPL8/RPL37A/RPL9/RRP8/RPL19/DDX24/DDX56/RPS3/RBMX/DDX21/RPLP2/RPL13/LARP7/RPL7/SRP72/U2SURP/CCDC137/SRSF3/IGF2BP3/RPS26/RPF2/RPS14/POP1/TRIM61/RPL36AL/RPL10/FTSJ3/RPS19/RPS4X/TTC9/RPL4,In1c
cluster5,cluster5,188,-0.440894537297725,-1.58256558114949,0.000415724011348621,0.0175989831470916,0.0161913562314726,2336,"tags=22%, list=15%, signal=19%",ARC/WWC1/ITSN2/ARRDC1/NRBF2/CFLAR/ZNF710/CDH15/CDADC1/ADO/TTC9C/LURAP1L/OLIG2/ZNF507/SIPA1L3/CYTH1/MAP2K6/MTUS1/MAP3K3/CYTH3/RASGEF1B/RAB28/YPEL1/ZCWPW1/VWA3A/WIPF1/FGFR1OP2/MDGA1/STK3/SESTD1/ZNF365/NHSL1/NUP58/OLIG1/KIF6/IPCEF1/SORBS2/GLIS3/EPHB6/RPS6KA5/DSCAML1/NEFM,In1c
cluster59,cluster59,178,-0.437018346153213,-1.56305207286017,0.000733901193561062,0.0233013628955637,0.0214376401277047,1665,"tags=25%, list=11%, signal=22%",NCOA3/LHX2/ELF2/ARID4B/NCOR2/RNU6-6P/ELF1/PAX6/BRMS1L/ZNF644/RBPJ/MAP6D1/MBD3/GATAD1/SOX10/POGZ/SSBP3/TBL1X/FHL2/BRD2/CREBBP/RERE/KDM2B/CHD7/SOX5/RCOR1/ARID2/RB1/SAP130/BCL11A/KMT2C/TRPS1/EHMT1/TMEM163/ZNF609/FAT2/KAT2B/FOXP1/IQCJ-SCHIP1/SLC24A2/NFIA/SATB2/ST18/SOX6,In1c
cluster69,cluster69,112,-0.476683613547242,-1.59645489009874,0.00163335380573053,0.0414871866655555,0.0381688994602293,2804,"tags=24%, list=18%, signal=20%",ITGB3BP/ZNF471/TFAP2B/CCP110/CENPP/RPGRIP1L/SH3RF2/MAPK1/SHF/KIF1B/C2CD3/TSTD2/JAKMIP2/CALCOCO1/RFX3/MAMLD1/CTTNBP2NL/EBF1/UBE2E2/ABLIM3/KIZ/PRKG1/CHL1/FAM13C/FOXP2/PCDH15/CHN2,In1c
cluster127,cluster127,102,0.478761392021115,1.60251844273818,0.00205565699386009,0.0435114063700387,0.0400312151435913,2738,"tags=31%, list=18%, signal=26%",DLX6-AS1/ATP1B1/ATP6V1F/INSIG2/SGCZ/SEC61A2/TRABD/TMED2/MINPP1/AGPAT5/HSD17B12/STT3A/SMIM12/NRP1/PPOX/DHRS7B/RAB5B/AKAP1/TOMM6/LPCAT1/PDCL/LMAN2/XPO5/RAB14/ERLIN1/ABCB10/NDUFA3/DNAJB11/TMEM101/TFB2M/RRH/RNFT1,In1c
cluster9,cluster9,211,0.496649377930401,1.81609773112306,5.20901057516866e-07,6.61544343046419e-05,5.59283240702319e-05,2858,"tags=41%, list=19%, signal=34%",RPS14/RPSA/PCBP1/RPS17/CIT/RPL15/RPLP1/RBM8A/RPS15/RPL27/RPS25/NSA2/RPL7/PRPF8/RPS13/RPS18/RPL14/RPL10A/DKC1/RPL9/MYBBP1A/RPS3A/RPLP0/RPS23/RSL1D1/RPL13/PABPC1/RPL18/NEIL1/RPLP2/RPL7A/MEPCE/RPL3/G3BP2/RPL18A/RPL30/RPS9/HNRNPA3/RPL31/RPL28/RPL8/RPS7/SF3B2/RPS8/RPS3/TTC9/RPL37A/NPM1/RPL24/RPL27A/RPL36AL/RPL12/RPS4X/RPL7L1/RPF1/RRP12/RPS11/RPL21/ZCRB1/SERBP1/DDX24/NCL/RPL10/RPS20/ADARB1/GNL2/HNRNPDL/STAU2/SRSF3/RPS24/RPL5/RPL22/RPS2/RPL32/HEXIM1/GTPBP4/NIFK/RC3H2/RPL36/RPL13A/CCDC137/POP1/NOP56/RPL19/CAPRIN1/NKRF/MAK16,Ex3b
cluster108,cluster108,161,0.516583321566915,1.82437296614512,2.01789946727927e-06,0.000128136616172234,0.000108329339822361,3238,"tags=35%, list=21%, signal=28%",GAPDH/EIF1B/HSPH1/PKM/CAMK2N2/IGSF8/DNAJB6/PSMA4/EIF1/PCMT1/PSMD3/TPT1/MYH10/PSMB6/AHSA1/FBXO32/TCEAL5/PRDX1/CCT7/UBE2M/NACA/THUMPD1/NGB/CCT4/MYL6/PCNP/SKIV2L/CMAS/RPRML/ACLY/ANP32A/CCT6A/ZC3H15/ACTR1A/FBLL1/POP7/CCT8/RAD23B/GNL1/SND1/EIF5A/KRT10/RIOK3/TUBA8/FUBP1/HDLBP/MTHFD1/EEF1B2/HSPA4L/ZNF622/TCP1/ABCF2/CCT3/PSMC6/ZNF879/NEMF,Ex3b
cluster59,cluster59,178,-0.537154664457652,-1.79088814466526,3.31247567821749e-06,0.00014022813704454,0.000118551761115152,2458,"tags=34%, list=16%, signal=29%",HMG20A/ELF2/TBL1X/LHX2/EHMT1/EZH2/EP400/KDM1A/NKX6-2/SMARCC1/FOXK2/KMT2D/JUN/BMPER/RCOR1/BCL9/NCOR1/GATAD2A/MGA/SIN3A/RB1/RBPJ/MTA3/BRMS1L/NKAPP1/BCL7C/GATAD1/HHAT/PAX6/ARID4B/SMARCD1/KDM6A/CDK8/SLC24A2/RNU6-6P/SMARCD3/KMT2A/TP53BP1/RERE/SOX10/ZNF644/ZNF609/ZZZ3/KMT2C/POGZ/PBRM1/KCNQ1OT1/BPTF/FAT2/NFIB/TRPS1/KAT2B/ARID2/TEAD1/SOX5/ZNF608/CHD7/SOX6/FSTL5/NFIA/ST18,Ex3b
cluster66,cluster66,206,-0.494349468441191,-1.67078248276729,1.6453480862593e-05,0.000522398017387329,0.000441646065259077,2274,"tags=27%, list=15%, signal=23%",TSC2/THBS2/CTDSPL/ARVCF/GGA1/NTN1/NEDD4/AP4E1/CC2D1A/CDH1/TRPM6/FAM126A/CD38/IL17D/COLQ/EXOC4/LYPD6B/SULF2/TRAPPC10/TRAPPC13/DAB2IP/PKP2/FBN1/ETNPPL/PBX3/ERBB3/SPG11/NRXN1/MBNL1/DCHS2/COL9A1/ADHFE1/NLGN3/PLXNC1/RICTOR/TOX3/PPP2R2B/IGF1/ITGA9/GRIN2C/GSG1L/DLG2/MAG/LRRTM4/CSGALNACT1/DTNA/KCNIP1/ADAMTS9-AS2/NTM/PARD3/PLXDC2/RPS6KA2/NXPH1/LHFPL3/ERBB4,Ex3b
cluster113,cluster113,88,0.56541021757947,1.82016087068254,2.52080080917654e-05,0.000640283405530842,0.000541308805338963,2835,"tags=44%, list=18%, signal=36%",NDUFA4/CCK/VDAC3/NDUFA1/NDUFS5/VDAC1/UQCRB/COX6B1/UQCRC1/COX7C/COA3/NDUFB5/PHB2/COX6C/UQCRQ/NDUFB11/COX7A2/NDUFB1/NDUFB3/SLC30A9/UQCRFS1/NDUFB9/NNT/IDH2/ANKRD34C/VDAC2/IMMT/TOMM22/NDUFB10/GUF1/OXA1L/SCCPDH/NDUFA10/AFG3L2/CYC1/NDUFA8/ECSIT/COX7A2L/NDUFB4,Ex3b
cluster115,cluster115,152,0.484472143463109,1.69332130642574,4.76752995664733e-05,0.00100912717415702,0.000853136939610575,2798,"tags=35%, list=18%, signal=29%",MDH1/PPIA/LDHB/TPI1/ENO2/MTPN/PGK1/PINK1/ALDOA/CHCHD10/CFL1/PRDX5/SLC25A3/HINT1/UBE2QL1/LDHA/TXN/SOD1/LYRM4/PPA2/NDUFAB1/PRDX3/GLRX5/NT5C3B/SNHG6/OAT/ACO2/GRHPR/HTRA2/TARS2/TMEM74B/SDHA/PPT1/ZFAS1/LYRM7/FH/GUK1/IDH3A/PGD/FXN/MTPAP/DNAJC4/DPY19L2/NDUFAF5/ATAD3A/PDE12/DNAJA3/SOD2/MPV17/FDX1/SHMT2/SPR/PNPLA8,Ex3b
cluster88,cluster88,61,0.597554958223398,1.83264706826462,0.00013192278375488,0.00239345621955283,0.00202347728466132,2422,"tags=39%, list=16%, signal=33%",GABRA1/CPLX1/THY1/CADM3/GFRA2/TMEM127/SPTAN1/NAPEPLD/NEGR1/RFK/SLC25A32/B9D1/WIPI2/ST13/PITPNA/GLT1D1/BROX/ANKRD9/ELK1/COPZ1/KCNV1/CHI3L1/CYP2U1/USP19,Ex3b
cluster13,cluster13,138,-0.479534386113649,-1.56466134663484,0.000888378336155316,0.0141030060864656,0.011922972406295,1594,"tags=21%, list=10%, signal=19%",NOTCH1/RECK/ZNF439/SHC3/CCDC144CP/KANTR/GFAP/DIRC3/ADAM12/COL24A1/FLT3/NAV1/RALGPS2/TNR/DENND4A/VWC2L/RAB3IP/MAGI1/ADAMTSL3/AGAP1/IGSF11/HEPACAM/HPCAL1/STARD13/TIAM1/KIT/RGS20/CDH20/GAB2,Ex3b
cluster104,cluster104,93,0.481645189984941,1.57357954796901,0.00193191446830185,0.0272614597193705,0.0230474006744782,2305,"tags=23%, list=15%, signal=19%",GABRG3/CDK5R2/MAT2B/OPN3/LYSMD4/MLLT11/ZNFX1/STARD7/MLF2/POMP/PSMG3/APEH/ASB8/KCNN1/FN3KRP/PPM1K/CHMP2A/GSTA4/SRM/TOMM34/NPEPL1,Ex3b
cluster55,cluster55,68,-0.558170634698939,-1.63546287953815,0.00301264768687171,0.0357528941474835,0.0302262345880093,2692,"tags=41%, list=18%, signal=34%",DENND1A/KSR1/TNS2/BEST3/SLC26A3/CHIC2/AGMO/GNE/BLZF1/VWC2/PPM1H/SLC35D2/CHADL/PLEKHA7/LINC00461/RTKN/PLSCR4/TESK2/FAM53C/LGI4/FAM110B/DTNB/LINC00299/KIF13B/MIR99AHG/ZIC1/SRGAP2/CREB5,Ex3b
cluster80,cluster80,131,0.433247426948748,1.49189924281797,0.00309670736710487,0.0357528941474835,0.0302262345880093,2558,"tags=31%, list=17%, signal=26%",PDP1/PEBP1/ATP6V1E1/PRNP/UQCRH/ATP2A2/TOMM20/COX5B/ATP6V1C1/ATP6V1B2/COX7A1/UQCR10/TRBC2/ARMCX3/COX7B/ATP6V1A/COX17/ARCN1/RSAD1/SAR1B/PTGES2/CISD1/NDUFB7/CMPK1/HK1/SNHG7/SLC9B2/PDIA3/BOLA3/HCCS/PPTC7/ATP6V0D1/HSP90B1/NDUFB6/SAMM50/TECR/TIMM17B/BPNT1/OPA1/TMEM33,Ex3b
cluster33,cluster33,158,0.405022237513938,1.42505914634198,0.00458017035818884,0.0484734696241652,0.0409804716259001,2103,"tags=21%, list=14%, signal=18%",SCN1B/RGS4/SYT13/CEND1/GNB5/SGCG/CLCN4/CD200/ENPP5/CRYM/SNX10/KCNIP3/SLC45A4/CHST1/AACS/CARD19/PIP5K1C/ROGDI/KCNMA1/SLITRK1/DPM3/CHMP2B/TTC1/GLB1L3/TAX1BP1/PAQR9/CHRM1/KLHDC9/DESI1/CPLX2/ARHGDIG/SNX8/IGDCC3,Ex3b
cluster9,cluster9,211,-0.525836398428544,-1.75765917548101,7.46423792728976e-07,9.479582167658e-05,9.03565643829814e-05,3282,"tags=47%, list=21%, signal=38%",IGF2BP2/TTC9/CAPRIN1/SRSF5/PRIMA1/RPL36AL/PCBP1/PAK1IP1/PURA/RPF2/CCDC137/RC3H1/SF3B2/DDX54/NOC3L/RPL22/NSA2/HEXIM1/RSL1D1/RPL19/RPL18A/RPL8/RPL32/RPS3A/RPLP1/RBMS2/RPL4/RPS14/SYNCRIP/RPS25/HNRNPM/SRSF6/RPL10A/U2SURP/TRA2B/FZR1/RPSA/RPL28/DDX18/RPL13A/RPS7/NPM1/RPS2/RPS17/RPL12/CUL3/HNRNPU/NR2C2/RPL10/ILF3/RPL27A/KNOP1/MPHOSPH10/GNL3/RPS11/RPL31/DDX27/RPL15/PRPF8/RPS13/RPS15/ZFR/SNRNP70/RPS18/RPL30/RPS24/RBM28/RPL36/RPS16/RPS23/EIF2AK2/RPS6/RPS4X/RPS15A/HP1BP3/RPL18/RPL9/RPL3/RPS3/RPL24/RBM39/RPS8/RPL7/RPL14/RPL27/HNRNPR/RPL7A/RPL37A/RBMX/RPL11/RPL13/RPL35/HNRNPA3/NCL/RPL21/RPS19/RPLP2/HNRNPA2B1/TRA2A/LARP7,Ex3a
cluster59,cluster59,178,-0.451204514380946,-1.57689090542731,0.000245319429918124,0.0311555675996017,0.0296965625690361,3042,"tags=35%, list=20%, signal=29%",MAP6D1/NKAPP1/HERC2P3/SMARCD2/BCOR/HDAC2/HDAC3/SIN3B/CIC/SOX10/MCRS1/GATAD2A/ASH2L/KAT5/PAX6/ZNF608/L3MBTL2/ARID2/MTA1/BRD3/BPTF/BRMS1L/MGA/ZNF609/HDAC1/CDK8/KDM6A/SS18L1/MBD2/ZZZ3/EP300/FOXK2/RBBP4/NR2C1/BCL9/SMG7/DPF1/MBD3/PHF12/TBL1X/RBBP7/KDM2B/SUDS3/TMEM163/RNU6-6P/SSBP3/ELF2/SMARCC1/KMT2C/NFIX/YY1/FAT2/CSNK2A1/NFIC/NCOR1/SLC24A2/SOX6/KAT2B/FSTL5/SMARCA4/ST18/CHD7/NFIA,Ex2
cluster59,cluster59,178,-0.46160517422221,-1.71284843863156,2.88295871145706e-05,0.00366135756355047,0.00345955045374847,2072,"tags=28%, list=14%, signal=24%",TP53BP1/RBBP5/LHX2/SOX10/JUN/MED4/BRMS1L/FHL2/GATAD2A/HDAC2/KDM1A/HHAT/NKAPP1/HIVEP1/SS18L1/TRRAP/TADA2A/EP300/POGZ/RNU6-6P/BCL7A/HDAC3/SMG7/ARID4B/ELF1/YY1/SATB2/FOXK2/RCOR1/NCOA3/HERC2P3/KDM6A/FAT2/RB1/TBL1X/ARID2/PBRM1/SMARCC1/ZNF609/EHMT1/SOX6/IQCJ-SCHIP1/KAT2B/SOX5/CHD7/SLC24A2/NFIA/FOXP1/ST18,In1a
cluster108,cluster108,161,0.457099242012484,1.7053761565229,4.66783142368078e-05,0.00592814590807459,0.00506091196462232,3019,"tags=35%, list=20%, signal=29%",PKM/GAPDH/HSPH1/EIF1B/TPT1/UBE2M/CCT2/ISG15/ARAF/PSMD3/EIF3J/TFB1M/PSMD1/PSMB3/RRP1/NACA/PCMT1/RPRML/MTHFD1/DYNC1H1/LSM8/MYH10/PSMB6/CCT5/GRK5/HSPA4L/CCT3/AGO4/KCNC2/TCEAL5/FBLL1/PSMA3/ACLY/TRIM14/EIF2A/DUSP11/FUBP1/KRT10/SND1/CCT7/SKIV2L/CCT8/ZC3H15/RPS4Y1/DNAJB6/TCP1/ABCF2/POP7/AHSA1/RAE1/EIF5A/PRDX1/FBXO32/IVNS1ABP/FGF17/DDX20/SNRNP27,Ex3c
cluster9,cluster9,211,0.418612626778525,1.60783223714923,0.000100213842370649,0.00636357899053621,0.00543264513904045,2281,"tags=29%, list=15%, signal=25%",HNRNPA0/ILF3/PURA/HNRNPA3/RPL23A/HP1BP3/RPL28/RPL3/PCBP1/RPL31/GTPBP4/RPL18A/RPL11/RPL37A/NSA2/RPS2/RPL32/EIF2AK2/ZCRB1/LLPH/RPL14/RPS15A/SERBP1/RPSA/SF3B1/RPS5/RPLP2/RPL15/NKRF/PRC1/RPL6/STAU2/ABT1/ZFR/RPS14/RPS9/TRA2B/DHX9/RPL9/RPS7/RPS6/CUL3/RPLP1/CIT/RSL1D1/RPL35/PRPF8/PAK1IP1/LIN28B/HNRNPDL/SRP72/RPL8/CRYBB2P1/RPS19/RPL19/ZC3H18/RPS3/NEIL1/YBX3/ZNF346/RPL36/RBM8A,Ex3c
cluster59,cluster59,178,-0.414420350952218,-1.58341156417467,0.00029737239053146,0.00903920264047901,0.00771684933252663,2919,"tags=34%, list=19%, signal=28%",CCDC144NL/EHMT1/ELF2/UBE2I/GATAD1/SMARCC1/TRPS1/PAX6/EP300/ARID1A/SUZ12/MBD2/TBL1X/KDM6A/FOXK1/KMT2D/HDAC1/KMT2C/TLE1/PHF12/KLF3/BCL7A/SOX10/KDM2B/KDM1A/BCL7C/GATAD2A/MAP6D1/SMARCD3/HIVEP1/MGA/TP53BP1/BRD3/BMPER/RBPJ/ZZZ3/NFIB/NCOA3/SMARCA2/RB1/RNU6-6P/ARID4B/HERC2P3/KAT2B/FAT2/CDK8/KMT2A/KCNQ1OT1/ZNF608/BPTF/SOX5/EP400/SOX6/ZNF609/ZNF644/NCOR2/NFIA/CHD7/FSTL5/ST18,Ex3c
cluster107,cluster107,114,0.47363120059653,1.68931140531197,0.000338439882457516,0.00903920264047901,0.00771684933252663,2793,"tags=30%, list=18%, signal=25%",CKB/SMIM10L2A/HSP90AB1/PSMD11/PTMS/MAT2A/PRKCZ/PSMD13/SBDS/CYCS/GOT2/FARSA/PSMD7/UBA1/TIMM50/PAICS/DUSP1/GSTP1/EIF4H/DDA1/SDHC/PSMB2/PSMA7/ALDH18A1/ANKRD55/PPP6C/LRRK2/DNAJA1/FGD5/PFAS/PSMD4/PSMD8/PSMD6/MRPL36,Ex3c
cluster112,cluster112,146,0.447362134421153,1.64740893613296,0.000355874119703898,0.00903920264047901,0.00771684933252663,3016,"tags=36%, list=20%, signal=29%",MDH2/MRPL37/MRPS7/MRPS2/NDUFS3/AURKAIP1/MRPL4/PDHA1/SLC6A17/SSBP1/MRPS35/NDUFV1/PMPCB/MRRF/MRPL52/MRPL13/MRPL44/MRPS26/NDUFS6/MRPS11/SLIRP/NDUFA5/NDUFS2/MRPL28/MRPL51/TMEM70/C1QBP/CLPP/CTBP1-AS/COX4I1/NDUFS8/PDK1/MRPL45/MRPS30/MRPL24/NDUFA6/MRPS34/MRPS23/MRPL19/PMPCA/PHB/TUFM/MRPL2/MRPL49/MRPL15/MRPL48/MRPL55/MRPS33/OGDH/GRSF1/MRPS9/NDUFV3/MTERF3,Ex3c
cluster66,cluster66,206,-0.387248844172905,-1.50806275644073,0.000576346767059649,0.0121993399027626,0.0104146871942358,2651,"tags=25%, list=17%, signal=21%",NTN1/SDC2/CLYBL/ELN/VAC14/LYPD6B/PIGL/RHBDL3/PKP2/VPS50/ADAMTS9-AS2/MAG/UHRF1BP1/COL9A1/ZBBX/DCHS2/IL17D/TOX3/CTDSPL/GGA1/IGF1/TRAPPC12/NRXN1/SPG11/MBNL1/GRIN2C/LGI1/PTPN11/LRRTM4/FBN1/PARD3/PLXNC1/TRAPPC10/GSG1L/EPHB2/ZER1/ITGA9/DLG2/JAK2/DTNA/CTNNA1/PLXDC2/PPP2R2B/NTM/ITCH/KCNIP1/ERBB4/EXOC4/TRAPPC9/NXPH1/RPS6KA2/LHFPL3,Ex3c
cluster115,cluster115,152,0.432189556684082,1.60318645571018,0.000862390713442314,0.0156462315153106,0.013357329847302,2199,"tags=30%, list=14%, signal=26%",PGK1/HINT1/MDH1/CFL1/ALDOA/ENO2/PINK1/PGD/LDHA/LDHB/ENO1/TKT/IDH3A/MCCC1/OAT/SLC25A3/PRDX5/NT5C3B/IVD/SOD2/SSR4/ANXA5/OXCT1/MPV17/FOXRED1/TXN/MTPN/ECH1/FASTKD3/NDUFC1/NME4/SOD1/PNPLA8/ICAM1/NDUFAB1/ATXN3/DNAJC4/PPIA/ACO2/MPST/LYPLAL1/PPT1/ASS1/PRDX6/PDE12,Ex3c
cluster80,cluster80,131,0.434379383193037,1.59145924897387,0.00152509780746681,0.0242109276935356,0.0206690887064581,2625,"tags=31%, list=17%, signal=26%",PDP1/TOMM7/COX5B/ATP6V1C1/UQCRH/PEBP1/COX7A1/PRNP/ATP2A2/COX7B/ATP6V1E1/PPA1/CISD1/PTGES2/RCN2/CMPK1/ATP6V1B2/CFTR/SEC61A1/NDUFB6/TMEM126B/COA7/TM6SF1/HACD3/CSE1L/BOLA3/ATP6V1A/SAMM50/CALR/UQCR10/ARMCX3/COPB2/HSP90B1/RSAD1/PRKCSH/DNAJC11/FAR1/AADAT/VCP/MTX2/HK1,Ex3c
cluster117,cluster117,170,0.395060179600059,1.48142331746214,0.002405800168805,0.0339485134931373,0.028982154080341,2337,"tags=21%, list=15%, signal=18%",B4GAT1/EXTL2/SLC20A1/RTN3/KCNA2/ORMDL1/SERINC1/BNIP3/CNIH1/ITM2C/NCEH1/SYNGR1/CYB561/SLC38A2/TSPAN17/SEL1L/B4GALT3/DOLK/SCAMP1/TMEM223/TMEM208/SEC11C/FAR2/RAB2A/ADGRL1/APOL2/MYADM/SLC41A1/ATP2B3/TMEM243/HACD2/ATP6V0A2/HMGCR/BNIP1/AGPAT3,Ex3c
cluster114,cluster114,89,0.462521509171484,1.5915024952857,0.002824921157655,0.0358764987022185,0.0306280925514173,3430,"tags=45%, list=22%, signal=35%",ECHS1/ATPAF1/PREPL/RPUSD3/MRPS21/UBL4A/POLDIP2/COX5A/EEF2/GLS/AAR2/MRPL14/CLPX/POLRMT/MRPL34/IBA57/PDHB/PARK7/ANGEL2/MRPL35/MRPL33/RPL23/STOML2/TRMT10C/FAHD1/MALSU1/TIMM44/LONP1/SUCLA2/MCUR1/DLAT/ETFB/MMAB/SLC25A5/CCDC90B/TEFM/DDX28/NIPSNAP1/DNAJC15/TCEAL3,Ex3c
cluster124,cluster124,71,-0.467860234808094,-1.54735436562914,0.00353410066847323,0.0408027986269182,0.0348337195074395,3132,"tags=28%, list=20%, signal=23%",BCHE/FREM2/MOXD1/STX17/MANSC1/NOTCH2/RHOQ/FRS2/FAT1/GALNT10/SEMA3B/KIAA1549/FGFR3/PKD2/DNAJC5/LAMB1/DLG1/INSR/CXCL14/VCAN,Ex3c
cluster33,cluster33,158,0.399454090174535,1.48912706219554,0.00434232466911879,0.0436887629852276,0.0372974934726767,2940,"tags=27%, list=19%, signal=22%",CEND1/RGS4/SCN1B/AP3D1/SLITRK1/GLB1L3/LRRC40/CPLX2/NAA30/PGAP3/SYT13/DBI/SNX10/MTTP/RGS2/RBM18/ENPP5/PMM2/ARHGDIG/TAX1BP1/CHMP2B/RGS14/ROGDI/KCNIP3/MCTP2/CLCN4/METTL13/PAQR9/PLEKHM2/DNAH17/DPM3/C16orf46/C1RL/SYT3/AACS/TTC1/SLC25A21/GLRA3/CCDC134/GNB5/SLC45A4/FAM13B/RABIF,Ex3c
cluster69,cluster69,112,-0.409421121202872,-1.44353526663823,0.00449495957688771,0.0436887629852276,0.0372974934726767,2585,"tags=23%, list=17%, signal=19%",FOXP2/ZNF565/THAP6/CHN2/FAM222A/ZBTB43/ZFP90/NSMF/TJP2/CTTNBP2NL/PRKG1/RFX3/ZSCAN5A/EBF1/RBM48/MDM4/CCP110/CENPP/PRMT2/ANKRD28/RPGRIP1L/FAM13C/UBE2E2/JAKMIP2/HDX/PCDH15,Ex3c
cluster8,cluster8,94,-0.430745157791844,-1.49289129031945,0.00481608410860777,0.0436887629852276,0.0372974934726767,1994,"tags=23%, list=13%, signal=20%",CCDC28A/FGD6/MYO16/MBP/MAGI2/RAD51B/CRTAC1/FGF1/APPL1/SKAP2/TBC1D23/CUX1/NOS1/GUCY1A2/LRRC49/TNIK/RFTN2/LDLRAD4/TJP1/PTPRZ1/GRIK1/HIP1,Ex3c
cluster75,cluster75,145,-0.387278587190291,-1.43732195771255,0.00518941675324799,0.0439370618441663,0.0375094684620732,2396,"tags=22%, list=16%, signal=19%",CPT1C/ADAM15/AOAH/LYN/C3/COL4A1/NF1/BMP7/SLCO1C1/ANKRD30BL/DNER/ACSS3/TXNDC11/BCAN/UBR3/ATP13A4/LRP2/PLEKHA5/SMOC1/COLGALT2/LTBP1/PTPN13/PCSK5/DIP2A/PPFIA1/CCDC88A/ZDHHC17/NEDD4L/LRP1B/RASAL2/FGFR2/GAB1,Ex3c
cluster24,cluster24,154,-0.378675704218013,-1.42081177137603,0.00617253011163226,0.048994457761081,0.0418270132564554,2858,"tags=26%, list=19%, signal=21%",CDKL1/LCORL/SAMD3/AMOTL1/ZNF83/SOX4/RPS6KB1/CPEB3/EVL/CAPN7/CEP112/NRDE2/REV3L/MKX/NR3C2/ZNF81/ZNF566/ZNF197/TBCEL/ATMIN/FAM193B/RNF146/DMTF1/PPP1R7/MEGF11/DGKG/ZNF44/ANAPC10/SLX4IP/MID1/RNF10/COMMD1/NAV2/NME5/MORC3/CNTLN/SMURF2/ZNF804B/KANSL1L/ZBTB20,Ex3c
